tau	noise	reps	seed	method	calls	fdp	power	control_p05
0.1	normal	2	1	model	202	0.262376237623762	0.993333333333333	0.099
0.1	normal	2	1	calibrated	159	0.0691823899371069	0.986666666666667	0.099
0.1	normal	2	1	empirical	159	0.0691823899371069	0.986666666666667	0.099
0.1	normal	2	2	model	236	0.372881355932203	0.986666666666667	0.082
0.1	normal	2	2	calibrated	187	0.213903743315508	0.98	0.082
0.1	normal	2	2	empirical	183	0.19672131147541	0.98	0.082
0.1	normal	2	3	model	224	0.330357142857143	1	0.075
0.1	normal	2	3	calibrated	188	0.212765957446809	0.986666666666667	0.075
0.1	normal	2	3	empirical	172	0.13953488372093	0.986666666666667	0.075
0.1	normal	2	4	model	202	0.262376237623762	0.993333333333333	0.091
0.1	normal	2	4	calibrated	158	0.0632911392405063	0.986666666666667	0.091
0.1	normal	2	4	empirical	160	0.06875	0.993333333333333	0.091
0.1	normal	2	5	model	209	0.282296650717703	1	0.078
0.1	normal	2	5	calibrated	178	0.157303370786517	1	0.078
0.1	normal	2	5	empirical	172	0.127906976744186	1	0.078
0.1	normal	2	6	model	191	0.230366492146597	0.98	0.066
0.1	normal	2	6	calibrated	183	0.19672131147541	0.98	0.066
0.1	normal	2	6	empirical	176	0.164772727272727	0.98	0.066
0.2	normal	2	1	model	453	0.671081677704194	0.993333333333333	0.201
0.2	normal	2	1	calibrated	160	0.0875	0.973333333333333	0.201
0.2	normal	2	1	empirical	153	0.0457516339869281	0.973333333333333	0.201
0.2	normal	2	2	model	459	0.67755991285403	0.986666666666667	0.167
0.2	normal	2	2	calibrated	169	0.14792899408284	0.96	0.167
0.2	normal	2	2	empirical	158	0.10126582278481	0.946666666666667	0.167
0.2	normal	2	3	model	477	0.685534591194969	1	0.184
0.2	normal	2	3	calibrated	162	0.123456790123457	0.946666666666667	0.184
0.2	normal	2	3	empirical	162	0.123456790123457	0.946666666666667	0.184
0.2	normal	2	4	model	484	0.690082644628099	1	0.202
0.2	normal	2	4	calibrated	167	0.143712574850299	0.953333333333333	0.202
0.2	normal	2	4	empirical	168	0.148809523809524	0.953333333333333	0.202
0.2	normal	2	5	model	451	0.669623059866962	0.993333333333333	0.204
0.2	normal	2	5	calibrated	158	0.107594936708861	0.94	0.204
0.2	normal	2	5	empirical	158	0.107594936708861	0.94	0.204
0.2	normal	2	6	model	451	0.671840354767184	0.986666666666667	0.192
0.2	normal	2	6	calibrated	151	0.0860927152317881	0.92	0.192
0.2	normal	2	6	empirical	147	0.0884353741496599	0.893333333333333	0.192
0.3	normal	2	1	model	767	0.807040417209909	0.986666666666667	0.288
0.3	normal	2	1	calibrated	140	0.1	0.84	0.288
0.3	normal	2	1	empirical	130	0.0846153846153846	0.793333333333333	0.288
0.3	normal	2	2	model	1005	0.853731343283582	0.98	0.304
0.3	normal	2	2	calibrated	144	0.138888888888889	0.826666666666667	0.304
0.3	normal	2	2	empirical	136	0.102941176470588	0.813333333333333	0.304
0.3	normal	2	3	model	960	0.844791666666667	0.993333333333333	0.311
0.3	normal	2	3	calibrated	142	0.140845070422535	0.813333333333333	0.311
0.3	normal	2	3	empirical	142	0.133802816901408	0.82	0.311
0.3	normal	2	4	model	951	0.844374342797056	0.986666666666667	0.296
0.3	normal	2	4	calibrated	129	0.0775193798449612	0.793333333333333	0.296
0.3	normal	2	4	empirical	130	0.0923076923076923	0.786666666666667	0.296
0.3	normal	2	5	model	961	0.843912591050989	1	0.313
0.3	normal	2	5	calibrated	135	0.0962962962962963	0.813333333333333	0.313
0.3	normal	2	5	empirical	136	0.0955882352941176	0.82	0.313
0.3	normal	2	6	model	1011	0.853610286844708	0.986666666666667	0.308
0.3	normal	2	6	calibrated	133	0.0977443609022556	0.8	0.308
0.3	normal	2	6	empirical	135	0.133333333333333	0.78	0.308
0	normal	2	1	model	175	0.142857142857143	1	0.041
0	normal	2	1	calibrated	175	0.142857142857143	1	0.041
0	normal	2	1	empirical	177	0.152542372881356	1	0.041
0	normal	2	2	model	164	0.0975609756097561	0.986666666666667	0.055
0	normal	2	2	calibrated	162	0.0864197530864197	0.986666666666667	0.055
0	normal	2	2	empirical	157	0.0573248407643312	0.986666666666667	0.055
0	normal	2	3	model	164	0.0853658536585366	1	0.053
0	normal	2	3	calibrated	163	0.0797546012269939	1	0.053
0	normal	2	3	empirical	156	0.0384615384615385	1	0.053
0	normal	2	4	model	162	0.0740740740740741	1	0.032
0	normal	2	4	calibrated	162	0.0740740740740741	1	0.032
0	normal	2	4	empirical	165	0.0909090909090909	1	0.032
0	normal	2	5	model	171	0.12280701754386	1	0.04
0	normal	2	5	calibrated	171	0.12280701754386	1	0.04
0	normal	2	5	empirical	172	0.127906976744186	1	0.04
0	normal	2	6	model	163	0.0797546012269939	1	0.058
0	normal	2	6	calibrated	160	0.0625	1	0.058
0	normal	2	6	empirical	168	0.113095238095238	0.993333333333333	0.058
0.15	t3	2	1	model	266	0.43609022556391	1	0.098
0.15	t3	2	1	calibrated	181	0.176795580110497	0.993333333333333	0.098
0.15	t3	2	1	empirical	176	0.153409090909091	0.993333333333333	0.098
0.15	t3	2	2	model	303	0.508250825082508	0.993333333333333	0.123
0.15	t3	2	2	calibrated	168	0.142857142857143	0.96	0.123
0.15	t3	2	2	empirical	155	0.0903225806451613	0.94	0.123
0.15	t3	2	3	model	288	0.482638888888889	0.993333333333333	0.114
0.15	t3	2	3	calibrated	173	0.144508670520231	0.986666666666667	0.114
0.15	t3	2	3	empirical	166	0.108433734939759	0.986666666666667	0.114
0.15	t3	2	4	model	249	0.397590361445783	1	0.119
0.15	t3	2	4	calibrated	150	0.0533333333333333	0.946666666666667	0.119
0.15	t3	2	4	empirical	149	0.0402684563758389	0.953333333333333	0.119
0.15	t3	2	5	model	234	0.367521367521368	0.986666666666667	0.117
0.15	t3	2	5	calibrated	155	0.0645161290322581	0.966666666666667	0.117
0.15	t3	2	5	empirical	147	0.0204081632653061	0.96	0.117
0.15	t3	2	6	model	2082	0.929875120076849	0.973333333333333	0.261
0.15	t3	2	6	calibrated	450	0.706666666666667	0.88	0.261
0.15	t3	2	6	empirical	167	0.149700598802395	0.946666666666667	0.261
0.3	t3	2	1	model	873	0.829324169530355	0.993333333333333	0.235
0.3	t3	2	1	calibrated	186	0.263440860215054	0.913333333333333	0.235
0.3	t3	2	1	empirical	171	0.192982456140351	0.92	0.235
0.3	t3	2	2	model	942	0.842887473460722	0.986666666666667	0.269
0.3	t3	2	2	calibrated	159	0.207547169811321	0.84	0.269
0.3	t3	2	2	empirical	115	0.0695652173913043	0.713333333333333	0.269
0.3	t3	2	3	model	771	0.810635538261997	0.973333333333333	0.231
0.3	t3	2	3	calibrated	130	0.0846153846153846	0.793333333333333	0.231
0.3	t3	2	3	empirical	126	0.0634920634920635	0.786666666666667	0.231
0.3	t3	2	4	model	789	0.816223067173637	0.966666666666667	0.235
0.3	t3	2	4	calibrated	141	0.156028368794326	0.793333333333333	0.235
0.3	t3	2	4	empirical	114	0.105263157894737	0.68	0.235
0.3	t3	2	5	model	805	0.818633540372671	0.973333333333333	0.259
0.3	t3	2	5	calibrated	148	0.148648648648649	0.84	0.259
0.3	t3	2	5	empirical	108	0.0185185185185185	0.706666666666667	0.259
0.3	t3	2	6	model	2999	0.949983327775925	1	0.566
0.3	t3	2	6	calibrated	0	0	0	0.566
0.3	t3	2	6	empirical	3	1	0	0.566
