gse	pmid	title	reason
GSE211297	42236690	Epigenetic control of telomeric RNA maintains heterochromatin in telomerase-driven cancers [array]	Companion assay (array) dataset from the paper, not pooled screen counts.
GSE211313	42236690	Epigenetic control of telomeric RNA maintains heterochromatin in telomerase-driven cancers	SuperSeries; screen data, if any, is in its SubSeries. The GeCKO KO screen counts are in GSE211312 (already triaged), and the other SubSeries (GSE211297, GSE223716, GSE249309) hold ChIP-seq, RNA and array shRNA data with no further raw guide counts.
GSE213184	41579376	CRISPRi screen to identify genes critical for the shear stress activation of non-adherent monocyte.	One library per condition (static, sheared top 10% sort, next 25% sort); no replicates.
GSE223716	42236690	Epigenetic control of telomeric RNA maintains heterochromatin in telomerase-driven cancers [Invivo]	In vivo validation pool of 98 genes without non-targeting controls; the Wild Type arm is not described as lacking Cas9, so the comparison cannot be interpreted with confidence.
GSE224792	42308298	Control of naive T cell reactivity and peripheral tolerance by ascorbate and TET activity [CutTag]	Companion assay (CutTag) dataset from the paper, not pooled screen counts.
GSE241070	41775739	gRNA-seq from Ishikawa after medroxyprogesterone treatment	One library per condition (baseline, DMSO control, MPA); no replicates.
GSE245508	42575893	Nuclear compartmentalization at the G1/S transition plays a key role in DNA replication control [BrdU-IP]	Companion assay (BrdU-IP) dataset from the paper, not pooled screen counts.
GSE245845	41974708	Identify proinsulin regulators using CRISPR screen and mouse genetics [CRISPR screen]	One library per condition (single proinsulin-high and single proinsulin-low sort).
GSE245937	42575893	Nuclear compartmentalization at the G1/S transition plays a key role in DNA replication control [Hi-C]	Companion assay (Hi-C) dataset from the paper, not pooled screen counts.
GSE245938	42575893	Nuclear compartmentalization at the G1/S transition plays a key role in DNA replication control	SuperSeries; screen data, if any, is in its SubSeries (GSE245508, GSE245937, GSE287969). Its samples are scRepli-seq, Repli-seq/BrdU-IP and Hi-C with arrayed individual gRNA knockouts, and there are no pooled screen counts.
GSE256219	40838977	Epigenetic profiling of prostate adenocarcinoma and neuroendocrine prostate cancer models to understand EZH2 activity. [Cut & Run]	Companion assay (Cut & Run) dataset from the paper, not pooled screen counts.
GSE263580	41218116	Forward genetic screening in engineered colorectal cancer organoids identifies novel regulators of metastasis [crispr gRNA knockout screening 1]	In vivo metastasis screen read out as clonal outgrowths: each lesion is dominated by one or a few guides and hits are called by recurrence across mice, which a replicate-variance model does not represent.
GSE263581	41218116	Forward genetic screening in engineered colorectal cancer organoids identifies novel regulators of metastasis [crispr gRNA knockout screening 2]	Same clonal metastasis readout as GSE263580 (930-guide pool); outside what a replicate-variance model represents.
GSE263582	41218116	Forward genetic screening in engineered colorectal cancer organoids identifies novel regulators of metastasis [crispr gRNA knockout screening 3]	Same clonal metastasis readout as GSE263580, on a 60-guide validation pool.
GSE266018	41855277	Selective ribosome profiling of the DHX29-bound ribosomes in HEK293T cells	Companion assay (profiling/CLIP) dataset from the paper, not pooled screen counts.
GSE274255	40930101	Sensitive dissection of a genomic regulatory landscape using bulk and targeted single-cell activation [bulkCRISPR-screen]	Only guide-level fold changes and statistics were deposited for the CRISPRa/CRISPRi tiling screens; there is no raw count table.
GSE274256	40930101	Sensitive dissection of a genomic regulatory landscape using bulk and targeted single-cell activation [TESLA-seq]	Companion assay (TESLA-seq) dataset from the paper, not pooled screen counts.
GSE274257	40930101	Sensitive dissection of a genomic regulatory landscape using bulk and targeted single-cell activation [NuCaptureC]	Companion assay (NuCaptureC) dataset from the paper, not pooled screen counts.
GSE274258	40930101	Sensitive dissection of a genomic regulatory landscape using bulk and targeted single-cell activation [Chromatin RNA-seq]	Companion assay (Chromatin RNA-seq) dataset from the paper, not pooled screen counts.
GSE279000	42236690	Epigenetic control of telomeric RNA maintains heterochromatin in telomerase-driven cancers [nanopore]	Companion assay (nanopore) dataset from the paper, not pooled screen counts.
GSE280898	41411621	PUF60-Mediated Splicing Is a Key Driver of Triple Negative Breast Cancer [eCLIP]	Companion assay (eCLIP) dataset from the paper, not pooled screen counts.
GSE284628	41475346	RNA-coupled CRISPR Screens Reveal ZNF207 as a Regulator of LMNA Aberrant Splicing in Progeria [CRASP-Seq]	Readout is splicing-reporter RNA (guide-level dPSI values), not guide abundance counts; no raw guide count table deposited.
GSE284631	41475346	RNA-coupled CRISPR Screens Reveal ZNF207 as a Regulator of LMNA Aberrant Splicing in Progeria [ZNF207_eCLIP-Seq]	Companion assay (ZNF207_eCLIP-Seq) dataset from the paper, not pooled screen counts.
GSE287443	41475340	Discovery, delineation and therapeutic targeting of a hyper-translation pathway driving cytokine release syndrome [CRISPR_screen]	One library per condition (input vs IL-6-low sort) and only MAGeCK sgRNA summary with normalized counts deposited.
GSE287969	42575893	Nuclear compartmentalization at the G1/S transition plays a key role in DNA replication control [scRepli-seq]	Companion assay (scRepli-seq) dataset from the paper, not pooled screen counts.
GSE288041	42049034	Krüppel-like factor 2 programs early exhausted T cell states and restrains antiviral immunity [TCR-Seq]	Companion assay (TCR-Seq) dataset from the paper, not pooled screen counts.
GSE291529	41446233	Identification of Functional Genetic Components modulating Cellular Toxicity Response to PFOS using Genome-wide CRISPR Screens	Only normalized guide counts deposited (Excel), not raw reads.
GSE293690	41296561	Menin-MLL complex cooperates with NF-Y to promote HCC survival [CRISPR]	Only RRA score tables deposited; no guide count table.
GSE299544	41285767	A genome-wide CRISPR screen identifies the TNRC18 gene locus as a novel regulator of inflammatory signaling [CRISPR Screen]	Only TMM-normalized CPM values deposited, not raw reads.
GSE299696	42484372	A Genome-Wide CRISPR Screen Identifies DTX4 Modulating Alveolar Macrophage Cholesterol Efflux in Pulmonary Alveolar Proteinosis [CRISPR]	Only gene-level counts per sample deposited; no guide-level table.
GSE300179	40631118	CRISPR screen reveals genes with differential fitness with polyamines	One library per condition (single DFMO-treated and single untreated sample), and series-level files hold only the sgRNA sequence list.
GSE303409	42185286	To identify genes for radioresistance in lung cancer [CRISPR Screen]	Only normalized (non-integer) guide counts deposited, and one library per condition per cell line.
GSE304915	40966319	Loss of UXS1 Selectively Depletes Pyrimidines and Induces Replication Stress in KEAP1-Mutant Lung Cancer	One library per condition, and the deposited counts are not integers.
GSE307449	40997217	Mechanoresponsive genomic enhancers potentiate the cellular response to matrix stiffness [hicar]	Companion assay (hicar) dataset from the paper, not pooled screen counts.
GSE312143	41577693	In vivo CRISPR screening identifies SAGA complex members as a key regulators of hematopoiesis [CRISPR]	Each mouse carries a different sub-library, so no guide is measured in more than one replicate.
GSE312839	42567675	RBM39 Modulates UPR Signaling Through Alternative Splicing of IRE1α/ERN1 [CRASP-Seq]	CRASP-Seq is an RNA-coupled splicing-ratio readout with only gene-level dPIR scores deposited and one library per cell line and condition.
GSE313324	41411621	PUF60-Mediated Splicing Is a Key Driver of Triple Negative Breast Cancer [CRISPR]	Only MAGeCK results deposited; no guide count table.
GSE314037	42239269	Prefoldin is critical for meiotic spindle function, revealing coupling between chromosome segregation and cellular remodeling	Not a CRISPR screen: ribosome profiling of WT vs gim3-deletion yeast.
GSE317678	41855277	CLIP-seq analysis of FLAG-DHX29 in HEK293T cells	Companion assay (profiling/CLIP) dataset from the paper, not pooled screen counts.
GSE328107	42095550	PI3K Regulates Wild-type RAS Signaling to Confer Resistance to KRAS Inhibition	Only MAGeCK-normalized counts deposited, not raw reads.
GSE328830	42225068	Temporal control of sgRNA library activation unlocks large-scale in vivo CRISPR screens	The main 30,000-guide screen is in a single 657 MB file, larger than this pipeline downloads; the small validation pools are per-UMI tables. Not attempted yet.
GSE329001	42677454	LDLR variant classification through activity-normalized prime editing screening	This is a prime-editing variant scan of LDLR (pegRNA counts), not a gene-level KO/CRISPRi/CRISPRa screen.
